Level,Date,State FIPS,State Postal Code,County FIPS,County Name,Population Staying at Home,Population Not Staying at Home,Number of Trips,Number of Trips <1,Number of Trips 1-3,Number of Trips 3-5,Number of Trips 5-10,Number of Trips 10-25,Number of Trips 25-50,Number of Trips 50-100,Number of Trips 100-250,Number of Trips 250-500,Number of Trips >=500,Row ID,Week,Month
County,2022/01/01,06,CA,06037,Los Angeles County,2558385,7480722,28119339,7864365,6805422,3430664,3890692,4062853,1345402,433207,187397,71032,28305,06-06037-20220101,0,1
County,2022/01/02,06,CA,06037,Los Angeles County,2476008,7563099,30962926,9019912,7542456,3769381,4251084,4276597,1377585,437578,186343,72854,29136,06-06037-20220102,1,1
County,2022/01/03,06,CA,06037,Los Angeles County,2466763,7572344,31491400,9304263,7665050,3749782,4275611,4385500,1411016,425896,173532,71041,29709,06-06037-20220103,1,1
County,2022/01/04,06,CA,06037,Los Angeles County,2619277,7419830,27203747,7652791,6490874,3269035,3795241,3962585,1340200,423437,171660,68981,28943,06-06037-20220104,1,1
County,2022/01/05,06,CA,06037,Los Angeles County,2620543,7418564,27014430,7599056,6432113,3266913,3801049,3929491,1305518,412117,171984,68037,28152,06-06037-20220105,1,1
County,2022/01/06,06,CA,06037,Los Angeles County,2476645,7562462,30673643,9046855,7463667,3704938,4164457,4249483,1360698,418822,168819,68512,27392,06-06037-20220106,1,1
County,2022/01/07,06,CA,06037,Los Angeles County,2481788,7557319,30409494,8987650,7421187,3659942,4097713,4200696,1362970,419642,166599,65833,27262,06-06037-20220107,1,1
County,2022/01/08,06,CA,06037,Los Angeles County,2590356,7448751,27734762,7942442,6681343,3363118,3816494,3924921,1303405,425256,182735,67696,27352,06-06037-20220108,1,1
County,2022/01/09,06,CA,06037,Los Angeles County,2689938,7349169,26293705,7586509,6340199,3143695,3600970,3696053,1225133,410356,192683,70699,27408,06-06037-20220109,2,1
County,2022/01/10,06,CA,06037,Los Angeles County,2488609,7550498,30943968,9096627,7478063,3758614,4328005,4265950,1347070,401495,171249,69301,27594,06-06037-20220110,2,1
County,2022/01/11,06,CA,06037,Los Angeles County,2275650,7763457,27964997,8110952,6850834,3373822,3862746,3941489,1245603,358527,138846,57558,24620,06-06037-20220111,2,1
County,2022/01/12,06,CA,06037,Los Angeles County,2602038,7437069,28191121,8263730,6709261,3366980,3841702,4011507,1323366,401025,177246,68329,27975,06-06037-20220112,2,1
County,2022/01/13,06,CA,06037,Los Angeles County,2538362,7500745,26375802,7225730,6223948,3228111,3915801,3929857,1264291,362039,145641,55538,24846,06-06037-20220113,2,1
County,2022/01/14,06,CA,06037,Los Angeles County,2525413,7513694,29333477,8333635,7207302,3627770,4161250,4123162,1273308,362776,157305,61714,25255,06-06037-20220114,2,1
County,2022/01/15,06,CA,06037,Los Angeles County,2621188,7417919,27009209,7733708,6579562,3270936,3696653,3719923,1262785,459507,196372,65188,24575,06-06037-20220115,2,1
County,2022/01/16,06,CA,06037,Los Angeles County,2596545,7442562,27843017,8216716,6635037,3296179,3829152,3888527,1282709,414674,179966,71594,28463,06-06037-20220116,3,1
County,2022/01/17,06,CA,06037,Los Angeles County,2835506,7203601,22721369,6164526,5267608,2718710,3321145,3489393,1170678,361461,148499,56809,22540,06-06037-20220117,3,1
County,2022/01/18,06,CA,06037,Los Angeles County,2477043,7562064,30321703,8977435,7425341,3656110,4170879,4168146,1293284,392048,152466,60825,25169,06-06037-20220118,3,1
County,2022/01/19,06,CA,06037,Los Angeles County,2610972,7428135,27458833,7795315,6569319,3279522,3942260,4008764,1270176,376112,133292,58746,25327,06-06037-20220119,3,1
County,2022/01/20,06,CA,06037,Los Angeles County,2535881,7503226,26968697,7458768,6322784,3218252,3912228,4120120,1321223,387144,144179,58059,25940,06-06037-20220120,3,1
County,2022/01/21,06,CA,06037,Los Angeles County,2411609,7627498,29241198,8596467,6976235,3426549,3972486,4178026,1348003,438554,202070,75049,27759,06-06037-20220121,3,1
County,2022/01/22,06,CA,06037,Los Angeles County,2497623,7541484,30128112,9065186,7351396,3576134,4095497,4086382,1290429,406309,167070,64117,25592,06-06037-20220122,3,1
County,2022/01/23,06,CA,06037,Los Angeles County,2589756,7449351,24469038,6500013,5673653,2937612,3701364,3738667,1238937,417986,174761,62565,23480,06-06037-20220123,4,1
County,2022/01/24,06,CA,06037,Los Angeles County,2310662,7728445,27345572,7698034,6500741,3283267,3900987,4087773,1286408,365149,145712,54262,23239,06-06037-20220124,4,1
County,2022/01/25,06,CA,06037,Los Angeles County,2363845,7675262,30000165,8576862,7365379,3676204,4199329,4292737,1318921,357033,140186,50998,22516,06-06037-20220125,4,1
County,2022/01/26,06,CA,06037,Los Angeles County,2329394,7709713,30861790,9308019,7608473,3642271,4067382,4262409,1331119,392889,158943,64596,25689,06-06037-20220126,4,1
County,2022/01/27,06,CA,06037,Los Angeles County,2386975,7652132,27903708,8369617,6684686,3224907,3817842,3895690,1261461,397901,160282,64976,26346,06-06037-20220127,4,1
County,2022/01/28,06,CA,06037,Los Angeles County,2396090,7643017,26156522,6904154,6282741,3200261,3929436,3944562,1259237,389048,169731,55654,21698,06-06037-20220128,4,1
County,2022/01/29,06,CA,06037,Los Angeles County,2386336,7652771,26880580,6540100,6346837,3467369,4174805,4230796,1397335,471359,182545,50316,19118,06-06037-20220129,4,1
County,2022/01/30,06,CA,06037,Los Angeles County,2485594,7553513,24930754,6462335,5817352,3000434,3789956,3796850,1340570,455916,188187,57257,21897,06-06037-20220130,5,1
County,2022/01/31,06,CA,06037,Los Angeles County,2377473,7661634,28469910,7955620,6963745,3482825,4165968,4044871,1290728,359209,135956,49599,21389,06-06037-20220131,5,1
County,2022/02/01,06,CA,06037,Los Angeles County,2368141,7670966,27585882,7659082,6719779,3299872,4044638,4000219,1284976,365957,139637,50182,21540,06-06037-20220201,5,2
County,2022/02/02,06,CA,06037,Los Angeles County,2343150,7695957,28422430,7929225,6959063,3479744,4096665,4016368,1323227,392584,150303,53379,21872,06-06037-20220202,5,2
County,2022/02/03,06,CA,06037,Los Angeles County,2341583,7697524,27837262,7717500,6635831,3328426,4043134,4156433,1344257,385564,149150,54544,22423,06-06037-20220203,5,2
County,2022/02/04,06,CA,06037,Los Angeles County,1972300,8066807,34553786,11689030,8953979,3971024,4309764,3791411,1239882,353677,189773,39429,15817,06-06037-20220204,5,2
County,2022/02/05,06,CA,06037,Los Angeles County,2440156,7598951,26757337,6740366,6406598,3394396,4060455,3975287,1399130,504317,202030,54536,20222,06-06037-20220205,5,2
County,2022/02/06,06,CA,06037,Los Angeles County,2486288,7552819,24586802,6385118,5763372,2965805,3716728,3712161,1305728,461629,192539,60439,23283,06-06037-20220206,6,2
County,2022/02/07,06,CA,06037,Los Angeles County,2399380,7639727,27397469,7877772,6620528,3270698,3877737,3880301,1268077,375583,147228,55506,24039,06-06037-20220207,6,2
County,2022/02/08,06,CA,06037,Los Angeles County,2442273,7596834,25916695,7091678,6360048,3156923,3839243,3724714,1208260,337554,129927,48230,20118,06-06037-20220208,6,2
County,2022/02/09,06,CA,06037,Los Angeles County,2323565,7715542,29424311,8482740,7198131,3543065,4182017,4059147,1317068,393458,162383,61593,24709,06-06037-20220209,6,2
County,2022/02/10,06,CA,06037,Los Angeles County,2342695,7696412,28116347,7911865,6798465,3397272,4072115,4000242,1301186,384667,169651,56970,23914,06-06037-20220210,6,2
County,2022/02/11,06,CA,06037,Los Angeles County,2251878,7787229,25693724,6785227,6140190,3123054,3846232,3839753,1255551,387491,235573,58980,21673,06-06037-20220211,6,2
County,2022/02/12,06,CA,06037,Los Angeles County,2477196,7561911,24992977,6414101,5937077,3018136,3681472,3742273,1357285,483626,273496,61999,23512,06-06037-20220212,6,2
County,2022/02/13,06,CA,06037,Los Angeles County,2486359,7552748,28638744,8004805,6674108,3351393,4128640,4157845,1450755,520823,262849,63405,24121,06-06037-20220213,7,2
County,2022/02/14,06,CA,06037,Los Angeles County,2363143,7675964,33278815,9716701,7916639,4045118,4930513,4574815,1442254,392182,187820,51617,21156,06-06037-20220214,7,2
County,2022/02/15,06,CA,06037,Los Angeles County,2445003,7594104,27577094,7493789,6489547,3313265,4118218,4167335,1364050,389559,161841,55673,23817,06-06037-20220215,7,2
County,2022/02/16,06,CA,06037,Los Angeles County,2163980,7875127,34848250,10401268,8373016,4179316,4864171,4812673,1553414,416885,171142,53666,22699,06-06037-20220216,7,2
County,2022/02/17,06,CA,06037,Los Angeles County,2288012,7751095,35084707,10485189,8484701,4272776,5049119,4636842,1467479,420548,185706,58026,24321,06-06037-20220217,7,2
County,2022/02/18,06,CA,06037,Los Angeles County,2206037,7833070,30750278,8485125,7058812,3816450,4677992,4505078,1454588,448148,216677,64711,22697,06-06037-20220218,7,2
County,2022/02/19,06,CA,06037,Los Angeles County,2585291,7453816,28347030,7043068,6461402,3582052,4520985,4380036,1507185,528727,240261,61976,21338,06-06037-20220219,7,2
County,2022/02/20,06,CA,06037,Los Angeles County,2443424,7595683,32440163,8257955,7217491,4063172,5142662,5048575,1726516,610697,282109,68895,22091,06-06037-20220220,8,2
County,2022/02/21,06,CA,06037,Los Angeles County,2386847,7652260,34403152,9739629,8035992,4174145,5171825,4926820,1562868,476697,228401,63291,23484,06-06037-20220221,8,2
County,2022/02/22,06,CA,06037,Los Angeles County,2288629,7750478,35782893,9899190,8253561,4460666,5572055,5279275,1614115,433563,191483,56949,22036,06-06037-20220222,8,2
County,2022/02/23,06,CA,06037,Los Angeles County,2369957,7669150,30329961,8125749,6894695,3669550,4689071,4687375,1517254,447183,215407,61023,22654,06-06037-20220223,8,2
County,2022/02/24,06,CA,06037,Los Angeles County,2311374,7727733,31895068,8771954,7400354,3886449,4757852,4804914,1523458,443989,216873,63315,25910,06-06037-20220224,8,2
County,2022/02/25,06,CA,06037,Los Angeles County,2421505,7617602,29729833,7951709,6945175,3606286,4509988,4477960,1448580,472789,222176,69251,25919,06-06037-20220225,8,2
County,2022/02/26,06,CA,06037,Los Angeles County,2615652,7423455,27299867,7011364,6268862,3276382,4210372,4297900,1441307,491354,202483,73099,26744,06-06037-20220226,8,2
County,2022/02/27,06,CA,06037,Los Angeles County,2468483,7570624,23936148,5657133,5355112,2976970,4033709,3893593,1316968,446043,172676,60691,23253,06-06037-20220227,9,2
County,2022/02/28,06,CA,06037,Los Angeles County,2319450,7719657,30342961,8120055,6866778,3700046,4829523,4670218,1488817,429494,156990,57272,23768,06-06037-20220228,9,2
County,2022/03/01,06,CA,06037,Los Angeles County,2279401,7759706,30654356,8008749,6890961,3808858,4950136,4746234,1515860,475447,171216,62176,24719,06-06037-20220301,9,3
County,2022/03/02,06,CA,06037,Los Angeles County,2376651,7662456,28960237,7341990,6413201,3585353,4739755,4647217,1514897,462465,164592,65738,25029,06-06037-20220302,9,3
County,2022/03/03,06,CA,06037,Los Angeles County,2383587,7655520,26909196,6411141,5934633,3399388,4586631,4467413,1454060,429388,146008,58650,21884,06-06037-20220303,9,3
County,2022/03/04,06,CA,06037,Los Angeles County,1934663,8104444,30341298,9173378,7447199,3591442,4307291,4007509,1270449,335970,133726,53608,20726,06-06037-20220304,9,3
County,2022/03/05,06,CA,06037,Los Angeles County,2350932,7688175,31246228,8183949,7028246,3797993,5006997,4816103,1595470,519121,199493,73119,25737,06-06037-20220305,9,3
County,2022/03/06,06,CA,06037,Los Angeles County,2476126,7562981,27271803,6506156,5917297,3391775,4582205,4530212,1529126,520016,199192,71554,24270,06-06037-20220306,10,3
County,2022/03/07,06,CA,06037,Los Angeles County,2365981,7673126,27942849,7244205,6365380,3381355,4483169,4392658,1438820,410071,142034,61090,24067,06-06037-20220307,10,3
County,2022/03/08,06,CA,06037,Los Angeles County,2140914,7898193,31059120,8070636,6864876,3766943,5099925,5001899,1582886,439772,147721,59756,24706,06-06037-20220308,10,3
County,2022/03/09,06,CA,06037,Los Angeles County,2302347,7736760,30501165,8091664,6945368,3712275,4850408,4669058,1505466,463099,172756,65934,25137,06-06037-20220309,10,3
County,2022/03/10,06,CA,06037,Los Angeles County,2318868,7720239,31239551,8112891,6930657,3772204,5045064,5025410,1605055,478839,172045,70075,27311,06-06037-20220310,10,3
County,2022/03/11,06,CA,06037,Los Angeles County,2369033,7670074,27331474,6645493,6031198,3370785,4584967,4548628,1452628,443110,165713,64636,24316,06-06037-20220311,10,3
County,2022/03/12,06,CA,06037,Los Angeles County,2410311,7628796,27753312,6981768,6240318,3361383,4486835,4443790,1478032,485837,182995,66520,25834,06-06037-20220312,10,3
County,2022/03/13,06,CA,06037,Los Angeles County,2470197,7568910,29095856,7122889,6385547,3636044,4863969,4702752,1548669,536204,204579,70764,24439,06-06037-20220313,11,3
County,2022/03/14,06,CA,06037,Los Angeles County,2273815,7765292,31690758,8468075,7111335,3876186,5014703,4929591,1559999,463825,172886,68149,26009,06-06037-20220314,11,3
County,2022/03/15,06,CA,06037,Los Angeles County,2344322,7694785,28527561,7056779,6348080,3562460,4780481,4658360,1469944,424298,146677,57190,23292,06-06037-20220315,11,3
County,2022/03/16,06,CA,06037,Los Angeles County,2215119,7823988,29331703,7502953,6579571,3660520,4815659,4660561,1460158,420630,154339,54529,22783,06-06037-20220316,11,3
County,2022/03/17,06,CA,06037,Los Angeles County,2231564,7807543,32829365,8859729,7549508,3992304,5168837,4968253,1567708,462390,172713,63531,24392,06-06037-20220317,11,3
County,2022/03/18,06,CA,06037,Los Angeles County,2342208,7696899,30456771,7741802,6821784,3778776,4987689,4861659,1529168,462729,179911,68260,24993,06-06037-20220318,11,3
County,2022/03/19,06,CA,06037,Los Angeles County,2278823,7760284,28902563,7305240,6442255,3541890,4704769,4605336,1507884,498614,201204,70949,24422,06-06037-20220319,11,3
County,2022/03/20,06,CA,06037,Los Angeles County,2415844,7623263,26387347,6282171,5851706,3378589,4438241,4285133,1400558,468706,196505,65122,20616,06-06037-20220320,12,3
County,2022/03/21,06,CA,06037,Los Angeles County,2231506,7807601,29949189,7790100,6883866,3683840,4733297,4655470,1474796,461523,176272,65558,24467,06-06037-20220321,12,3
County,2022/03/22,06,CA,06037,Los Angeles County,2145742,7893365,29356525,7284961,6675526,3729619,4873500,4705357,1452474,410854,146687,55244,22303,06-06037-20220322,12,3
County,2022/03/23,06,CA,06037,Los Angeles County,2171518,7867589,31862794,8338599,7251722,3918213,5128121,5008886,1523538,441956,165571,62000,24188,06-06037-20220323,12,3
County,2022/03/24,06,CA,06037,Los Angeles County,2259676,7779431,29244248,7289265,6529368,3631217,4847189,4759075,1500794,430027,168148,64822,24343,06-06037-20220324,12,3
County,2022/03/25,06,CA,06037,Los Angeles County,2184674,7854433,31826075,8421345,7291212,3928687,5092457,4894004,1484464,448598,175325,65789,24194,06-06037-20220325,12,3
County,2022/03/26,06,CA,06037,Los Angeles County,2313280,7725827,28835354,7079303,6415908,3632138,4779990,4679790,1499981,474255,186271,66153,21565,06-06037-20220326,12,3
County,2022/03/27,06,CA,06037,Los Angeles County,2578438,7460669,26392785,5978752,5726412,3359343,4558128,4493445,1472177,501227,208184,72416,22701,06-06037-20220327,13,3
County,2022/03/28,06,CA,06037,Los Angeles County,2210154,7828953,30353926,7961244,7001287,3799680,4838079,4674787,1438360,402350,151885,63955,22299,06-06037-20220328,13,3
County,2022/03/29,06,CA,06037,Los Angeles County,2316676,7722431,30683933,8156154,7139461,3741591,4791671,4658396,1474978,449540,178276,68780,25086,06-06037-20220329,13,3
County,2022/03/30,06,CA,06037,Los Angeles County,2424649,7614458,26708426,6529075,5993539,3295505,4373425,4378637,1432158,439686,173518,67909,24974,06-06037-20220330,13,3
County,2022/03/31,06,CA,06037,Los Angeles County,2313630,7725477,28779393,7190225,6566595,3609595,4735849,4585091,1425333,417501,163231,62146,23827,06-06037-20220331,13,3
County,2022/04/01,06,CA,06037,Los Angeles County,2350534,7688573,25459983,6279984,5883649,3117469,4147331,4055640,1328097,400445,160482,63778,23108,06-06037-20220401,13,4
County,2022/04/02,06,CA,06037,Los Angeles County,2456192,7582915,29019747,7421083,6642077,3554287,4633071,4502471,1477732,486736,200669,75997,25624,06-06037-20220402,13,4
County,2022/04/03,06,CA,06037,Los Angeles County,2489322,7549785,25988385,5972271,5731306,3321096,4435342,4316852,1432562,488736,199914,68347,21959,06-06037-20220403,14,4
County,2022/04/04,06,CA,06037,Los Angeles County,2473898,7565209,27880894,7046392,6341513,3413800,4479735,4462446,1429758,444737,168906,68346,25261,06-06037-20220404,14,4
County,2022/04/05,06,CA,06037,Los Angeles County,2278085,7761022,25301338,5896345,5744179,3129849,4178278,4309206,1385599,413141,158662,62794,23285,06-06037-20220405,14,4
County,2022/04/06,06,CA,06037,Los Angeles County,2160327,7878780,29837233,7985342,7096846,3668293,4599461,4465654,1378077,403663,156785,60324,22788,06-06037-20220406,14,4
County,2022/04/07,06,CA,06037,Los Angeles County,2228685,7810422,28589072,7521552,6632230,3475519,4436782,4441410,1412664,423355,158213,62991,24356,06-06037-20220407,14,4
County,2022/04/08,06,CA,06037,Los Angeles County,2273733,7765374,25902916,6344628,6164742,3311347,4145292,4052387,1276336,383281,145461,58904,20538,06-06037-20220408,14,4
County,2022/04/09,06,CA,06037,Los Angeles County,2435337,7603770,25406006,6230267,5939379,3092803,4040779,4066865,1336753,431853,175801,66408,25098,06-06037-20220409,14,4
County,2022/04/10,06,CA,06037,Los Angeles County,2538532,7500575,25543134,5983577,5683508,3217056,4321340,4219623,1367254,468665,188634,69747,23730,06-06037-20220410,15,4
County,2022/04/11,06,CA,06037,Los Angeles County,2377342,7661765,26229192,6419144,6010033,3224830,4239540,4271507,1388168,429221,155986,65149,25614,06-06037-20220411,15,4
County,2022/04/12,06,CA,06037,Los Angeles County,2460748,7578359,26700714,6497839,6184835,3338882,4328677,4320711,1370212,421576,150324,62533,25125,06-06037-20220412,15,4
County,2022/04/13,06,CA,06037,Los Angeles County,2478651,7560456,25061349,5957623,5630535,3107047,4107170,4196950,1383087,425363,163864,64667,25043,06-06037-20220413,15,4
County,2022/04/14,06,CA,06037,Los Angeles County,2301100,7738007,30734792,8246083,7242432,3766272,4734629,4585493,1444258,455767,166863,67228,25767,06-06037-20220414,15,4
County,2022/04/15,06,CA,06037,Los Angeles County,2472379,7566728,25999802,6226566,5921178,3226562,4255356,4290159,1379906,445618,161645,66464,26348,06-06037-20220415,15,4
County,2022/04/16,06,CA,06037,Los Angeles County,2334254,7704853,28551163,7407558,6594872,3543434,4517937,4395736,1369202,452361,177650,67372,25041,06-06037-20220416,15,4
County,2022/04/24,06,CA,06037,Los Angeles County,2429903,7609204,33540800,9559539,7678858,4128012,5118347,4726852,1520940,513319,208441,64979,21513,06-06037-20220424,17,4
County,2022/04/25,06,CA,06037,Los Angeles County,2308943,7730164,33293989,9383324,8029788,4093544,5084078,4608225,1421715,421897,164000,64303,23115,06-06037-20220425,17,4
County,2022/04/26,06,CA,06037,Los Angeles County,2201895,7837212,37220849,10871753,9025153,4597293,5597613,4997391,1476941,414077,154010,64010,22608,06-06037-20220426,17,4
County,2022/04/27,06,CA,06037,Los Angeles County,2379000,7660107,33651927,8822994,8026340,4310536,5414343,4930734,1489171,421201,151745,62388,22475,06-06037-20220427,17,4
County,2022/04/28,06,CA,06037,Los Angeles County,2282739,7756368,35505141,9655037,8566663,4499955,5569707,5029757,1502675,431467,162195,64852,22833,06-06037-20220428,17,4
County,2022/04/29,06,CA,06037,Los Angeles County,2364646,7674461,30466764,7997428,7402469,3842080,4752796,4399963,1384663,423782,173820,66247,23516,06-06037-20220429,17,4
County,2022/04/30,06,CA,06037,Los Angeles County,2480392,7558715,29149358,8045992,7491950,3430940,4080680,4006013,1332097,455726,190008,86424,29528,06-06037-20220430,17,4
County,2022/04/17,06,CA,06037,Los Angeles County,2571247,7467860,29054622,7600066,6528435,3545221,4598128,4425441,1519178,537502,216059,62128,22464,06-06037-20220417,16,4
County,2022/04/18,06,CA,06037,Los Angeles County,2366959,7672148,33768488,9537211,8078157,4156522,5174227,4703312,1432565,427187,173662,62069,23576,06-06037-20220418,16,4
County,2022/04/19,06,CA,06037,Los Angeles County,2511447,7527660,31623631,8658313,7309477,3965429,5049215,4611245,1405032,396533,148332,57947,22108,06-06037-20220419,16,4
County,2022/04/20,06,CA,06037,Los Angeles County,2419840,7619267,32964332,9063371,7732767,4109256,5230325,4756750,1426660,406690,155045,61193,22275,06-06037-20220420,16,4
County,2022/04/21,06,CA,06037,Los Angeles County,2069493,7969614,31362394,8996009,7349364,3853578,4815586,4373200,1353460,386894,157190,56556,20557,06-06037-20220421,16,4
County,2022/04/22,06,CA,06037,Los Angeles County,2300297,7738810,35615972,10034162,8515853,4438486,5496524,4920576,1482167,445231,191743,67604,23626,06-06037-20220422,16,4
County,2022/04/23,06,CA,06037,Los Angeles County,2499563,7539544,32672049,8732068,7419371,4097492,5236312,4810895,1585288,509948,194006,64297,22372,06-06037-20220423,16,4
County,2022/05/08,06,CA,06037,Los Angeles County,2501223,7537884,31396920,8172737,7498176,3965842,4862062,4615038,1486124,493900,207158,71451,24432,06-06037-20220508,19,5
County,2022/05/09,06,CA,06037,Los Angeles County,2365106,7674001,33690335,9177687,8248298,4242957,5171124,4726029,1441200,425146,164205,68693,24996,06-06037-20220509,19,5
County,2022/05/10,06,CA,06037,Los Angeles County,2251109,7787998,35971022,10002423,8903662,4558367,5483536,4914421,1453067,412089,151979,67174,24304,06-06037-20220510,19,5
County,2022/05/11,06,CA,06037,Los Angeles County,2479821,7559286,30997498,8023383,7445332,3993423,4981799,4584751,1379332,377311,132435,57974,21758,06-06037-20220511,19,5
County,2022/05/12,06,CA,06037,Los Angeles County,2075526,7963581,33781520,10378129,8466071,3993778,4841533,4237448,1312715,332916,137695,53908,27327,06-06037-20220512,19,5
County,2022/05/13,06,CA,06037,Los Angeles County,2464229,7574878,31563599,7978484,7647662,4080671,5034714,4671473,1457797,428224,173446,66303,24825,06-06037-20220513,19,5
County,2022/05/14,06,CA,06037,Los Angeles County,2606673,7432434,25567060,6193951,6088358,3233019,4069407,3979498,1334752,420802,158036,65324,23913,06-06037-20220514,19,5
County,2022/05/01,06,CA,06037,Los Angeles County,2467928,7571179,30632834,7798438,7315056,3910171,4818941,4537261,1479271,485177,192061,71686,24772,06-06037-20220501,18,5
County,2022/05/02,06,CA,06037,Los Angeles County,2351103,7688004,33491698,9138812,8129564,4178568,5134018,4748061,1461448,437911,167609,70813,24894,06-06037-20220502,18,5
County,2022/05/03,06,CA,06037,Los Angeles County,2438442,7600665,30469067,7842571,7329428,3865660,4866213,4518404,1408455,401815,151290,62356,22875,06-06037-20220503,18,5
County,2022/05/04,06,CA,06037,Los Angeles County,2323567,7715540,32800125,9184939,8118805,3981505,4858624,4534935,1417704,430800,179034,69652,24127,06-06037-20220504,18,5
County,2022/05/05,06,CA,06037,Los Angeles County,2296039,7743068,33463425,9105018,8301550,4127821,4947499,4700910,1518227,479558,186963,70948,24931,06-06037-20220505,18,5
County,2022/05/06,06,CA,06037,Los Angeles County,2297967,7741140,33338038,8915487,8094601,4178277,5115420,4732824,1510305,493857,196191,75237,25839,06-06037-20220506,18,5
County,2022/05/07,06,CA,06037,Los Angeles County,2479057,7560050,29927242,7477270,7030591,3793719,4802805,4530619,1492111,499780,203853,71798,24696,06-06037-20220507,18,5
County,2022/05/15,06,CA,06037,Los Angeles County,2641519,7397588,28321116,6867510,6668682,3660111,4607222,4343519,1444980,462842,184724,59846,21680,06-06037-20220515,20,5
County,2022/05/16,06,CA,06037,Los Angeles County,2152853,7886254,33367588,9610372,8310758,4135899,5046308,4398528,1318876,330856,143407,50057,22527,06-06037-20220516,20,5
County,2022/05/17,06,CA,06037,Los Angeles County,2486110,7552997,32317815,8302091,7741583,4201581,5199472,4790113,1450621,399025,147576,62157,23596,06-06037-20220517,20,5
County,2022/05/18,06,CA,06037,Los Angeles County,2550115,7488992,31176217,7944186,7396574,4042815,5054779,4700466,1424118,386571,145004,59556,22148,06-06037-20220518,20,5
County,2022/05/19,06,CA,06037,Los Angeles County,2569132,7469975,30951625,7711236,7255366,4054295,5105499,4759835,1440580,396969,147286,58481,22078,06-06037-20220519,20,5
County,2022/05/20,06,CA,06037,Los Angeles County,2227647,7811460,32895560,8926673,7986806,4190967,5236227,4588041,1369737,371061,153430,51491,21127,06-06037-20220520,20,5
County,2022/05/21,06,CA,06037,Los Angeles County,2446978,7592129,32995327,8359376,7776731,4280195,5289799,4914663,1585304,504637,188943,70832,24847,06-06037-20220521,20,5
County,2022/05/29,06,CA,06037,Los Angeles County,2444141,7594966,31182835,7636987,7318375,4060313,5098432,4742095,1526113,506445,201877,68986,23212,06-06037-20220529,22,5
County,2022/05/30,06,CA,06037,Los Angeles County,2445372,7593735,32177867,8404319,7643305,4146346,5221776,4750615,1392494,390490,147482,59055,21985,06-06037-20220530,22,5
County,2022/05/31,06,CA,06037,Los Angeles County,2429833,7609274,28534335,6886598,6779260,3730231,4726522,4460121,1366410,373227,131628,58743,21595,06-06037-20220531,22,5
County,2022/06/01,06,CA,06037,Los Angeles County,2098432,7940675,32307392,9122049,7863596,4032403,5013621,4441260,1309662,326785,120491,53346,24179,06-06037-20220601,22,6
County,2022/06/02,06,CA,06037,Los Angeles County,2438057,7601050,32150470,8157883,7517898,4121603,5227715,4961320,1489578,419551,162664,66175,26083,06-06037-20220602,22,6
County,2022/06/03,06,CA,06037,Los Angeles County,2526771,7512336,30501200,7349343,6969966,3916014,5133347,4909167,1520397,432578,175145,69079,26164,06-06037-20220603,22,6
County,2022/06/04,06,CA,06037,Los Angeles County,2551283,7487824,29586478,6915036,6741056,3791137,4909514,4810529,1601417,514372,203746,73519,26152,06-06037-20220604,22,6
County,2022/06/05,06,CA,06037,Los Angeles County,2585041,7454066,27713755,6646486,6551449,3516711,4451686,4317034,1439788,490244,200857,73291,26209,06-06037-20220605,23,6
County,2022/06/06,06,CA,06037,Los Angeles County,2381598,7657509,31251465,7884752,7290797,3883461,5011868,4867218,1548667,475007,190446,72708,26541,06-06037-20220606,23,6
County,2022/06/07,06,CA,06037,Los Angeles County,2340844,7698263,31797793,7998599,7356826,4023953,5253121,5030252,1502057,406419,140284,61643,24639,06-06037-20220607,23,6
County,2022/06/08,06,CA,06037,Los Angeles County,2374526,7664581,31948582,7785540,7303140,4182165,5430013,5151466,1504725,381775,131623,56677,21458,06-06037-20220608,23,6
County,2022/06/09,06,CA,06037,Los Angeles County,2408083,7631024,31135861,7815224,7180827,4017438,5194426,4894733,1444090,376792,133270,57163,21898,06-06037-20220609,23,6
County,2022/06/10,06,CA,06037,Los Angeles County,2247385,7791722,35704654,9229808,8353594,4564614,5788760,5436856,1621258,441145,170945,72456,25218,06-06037-20220610,23,6
County,2022/06/11,06,CA,06037,Los Angeles County,2421727,7617380,30384688,7543304,7037396,3857267,4960469,4721770,1518765,471558,178131,71214,24814,06-06037-20220611,23,6
County,2022/05/22,06,CA,06037,Los Angeles County,2422889,7616218,30934084,7884023,7346284,3946457,4877651,4594892,1487506,496358,201133,72848,26932,06-06037-20220522,21,5
County,2022/05/23,06,CA,06037,Los Angeles County,2441002,7598105,30761252,7919113,7350690,3924744,4956709,4613199,1380948,386516,145214,59903,24216,06-06037-20220523,21,5
County,2022/05/24,06,CA,06037,Los Angeles County,2136974,7902133,34179157,9591352,8381519,4315008,5341114,4673180,1358868,332520,116861,47873,20862,06-06037-20220524,21,5
County,2022/05/25,06,CA,06037,Los Angeles County,2407748,7631359,31284600,8088215,7369674,3978299,5064600,4778880,1420642,371782,132163,57484,22861,06-06037-20220525,21,5
County,2022/05/26,06,CA,06037,Los Angeles County,2421262,7617845,31228332,8027210,7392190,3969800,5052673,4764862,1417134,382691,140165,58541,23066,06-06037-20220526,21,5
County,2022/05/27,06,CA,06037,Los Angeles County,2414303,7624804,32123843,8055929,7600054,4212760,5311406,4836540,1459599,402052,160678,63065,21760,06-06037-20220527,21,5
County,2022/05/28,06,CA,06037,Los Angeles County,2682615,7356492,31237018,6971399,7064625,4361146,5486494,4944435,1654896,509305,179448,50853,14417,06-06037-20220528,21,5
County,2022/06/19,06,CA,06037,Los Angeles County,2431151,7607956,29303787,7319247,6959192,3743820,4659036,4411387,1449645,477794,183772,74107,25787,06-06037-20220619,25,6
County,2022/06/20,06,CA,06037,Los Angeles County,2405276,7633831,30038784,7278535,6906555,3893008,5024851,4805923,1455826,421524,152931,72594,27037,06-06037-20220620,25,6
County,2022/06/21,06,CA,06037,Los Angeles County,2291748,7747359,32991565,8369216,7795768,4247064,5294088,5064136,1516750,436369,162281,77566,28327,06-06037-20220621,25,6
County,2022/06/22,06,CA,06037,Los Angeles County,2374065,7665042,31538105,7976368,7457068,4023974,5085340,4825376,1448351,438882,174988,78497,29261,06-06037-20220622,25,6
County,2022/06/23,06,CA,06037,Los Angeles County,2388932,7650175,30094564,7539902,7012053,3815301,4832598,4606261,1492152,493958,188895,84584,28860,06-06037-20220623,25,6
County,2022/06/24,06,CA,06037,Los Angeles County,2383657,7655450,31315555,7664841,7205963,4051411,5202462,4832210,1516081,504458,213173,94302,30654,06-06037-20220624,25,6
County,2022/06/25,06,CA,06037,Los Angeles County,2387634,7651473,31818798,7925760,7381676,4023628,5133313,4883679,1585320,535682,224458,94575,30707,06-06037-20220625,25,6
County,2022/06/26,06,CA,06037,Los Angeles County,2449797,7589310,30498179,7501259,7199807,3929498,4893213,4614820,1510791,516380,211293,90877,30241,06-06037-20220626,26,6
County,2022/06/27,06,CA,06037,Los Angeles County,2359936,7679171,31429170,7795969,7156219,4067332,5268041,4924428,1502789,449066,163160,74511,27655,06-06037-20220627,26,6
County,2022/06/28,06,CA,06037,Los Angeles County,2422927,7616180,31803785,8148046,7502377,4055170,5141782,4844625,1456101,415104,145508,68661,26411,06-06037-20220628,26,6
County,2022/06/29,06,CA,06037,Los Angeles County,2341720,7697387,32389294,8264078,7576520,4150191,5268138,4965042,1483878,415997,160426,76658,28366,06-06037-20220629,26,6
County,2022/06/30,06,CA,06037,Los Angeles County,2420031,7619076,33097032,8526549,7717263,4198854,5316291,5082868,1542895,440762,165306,76836,29408,06-06037-20220630,26,6
County,2022/07/01,06,CA,06037,Los Angeles County,2406494,7632613,34119318,8925947,8039059,4311822,5444253,5104084,1545193,462326,179088,78147,29399,06-06037-20220701,26,7
County,2022/07/02,06,CA,06037,Los Angeles County,2432368,7606739,30156709,7278243,7017029,3883122,4972906,4724579,1521403,482113,180212,71130,25972,06-06037-20220702,26,7
County,2022/06/12,06,CA,06037,Los Angeles County,2526861,7512246,28384865,6882201,6586931,3576560,4591841,4481585,1481651,487837,193302,76254,26703,06-06037-20220612,24,6
County,2022/06/13,06,CA,06037,Los Angeles County,2393743,7645364,31806905,7940382,7338625,4089582,5247030,5020669,1515834,415374,146413,68232,24764,06-06037-20220613,24,6
County,2022/06/14,06,CA,06037,Los Angeles County,2349281,7689826,29970394,7604609,7069422,3693317,4739417,4746472,1450468,413008,152524,74027,27130,06-06037-20220614,24,6
County,2022/06/15,06,CA,06037,Los Angeles County,2378652,7660455,32435745,8425553,7655131,4070066,5227518,4950037,1469247,404416,145649,62865,25263,06-06037-20220615,24,6
County,2022/06/16,06,CA,06037,Los Angeles County,2342299,7696808,32590894,8252451,7562075,4169376,5324622,5099549,1528076,419994,145569,63964,25218,06-06037-20220616,24,6
County,2022/06/17,06,CA,06037,Los Angeles County,2367943,7671164,32241849,7819255,7418487,4215673,5434489,5143946,1537126,424571,157233,67237,23832,06-06037-20220617,24,6
County,2022/06/18,06,CA,06037,Los Angeles County,2370642,7668465,30874524,7762296,7185691,3876348,4943146,4777051,1544911,500743,182535,75591,26212,06-06037-20220618,24,6
County,2022/07/10,06,CA,06037,Los Angeles County,2519667,7519440,28835648,6674737,6569983,3776837,4878858,4651002,1506895,492643,191396,68713,24584,06-06037-20220710,28,7
County,2022/07/11,06,CA,06037,Los Angeles County,2196310,7842797,32207135,8393825,7398787,4106576,5342849,4935432,1453184,363860,136759,51406,24457,06-06037-20220711,28,7
County,2022/07/12,06,CA,06037,Los Angeles County,2313766,7725341,32372433,8108049,7396117,4114029,5355122,5133120,1565494,437527,164082,71708,27185,06-06037-20220712,28,7
County,2022/07/13,06,CA,06037,Los Angeles County,2160149,7878958,33272629,9030994,7915648,4118912,5286343,4901724,1453002,362508,127160,52417,23921,06-06037-20220713,28,7
County,2022/07/14,06,CA,06037,Los Angeles County,2408497,7630610,31352240,7628633,7001888,4020567,5292191,5114405,1573138,446311,173990,73049,28068,06-06037-20220714,28,7
County,2022/07/15,06,CA,06037,Los Angeles County,2243789,7795318,33012714,8379801,7767179,4233114,5497345,5024426,1491878,382762,150241,60082,25886,06-06037-20220715,28,7
County,2022/07/16,06,CA,06037,Los Angeles County,2528126,7510981,30299342,7101515,6964746,3935393,5079670,4877724,1560436,489314,187414,76000,27130,06-06037-20220716,28,7
County,2022/07/17,06,CA,06037,Los Angeles County,2517650,7521457,27450992,6217033,6319171,3641015,4669939,4420835,1426184,463159,191493,74368,27795,06-06037-20220717,29,7
County,2022/07/18,06,CA,06037,Los Angeles County,2360782,7678325,31779625,7946623,7232419,4047656,5257834,5032242,1538689,437159,174331,80390,32282,06-06037-20220718,29,7
County,2022/07/19,06,CA,06037,Los Angeles County,2398693,7640414,29549493,7176574,6881865,3785959,4852810,4700789,1467596,423474,158233,73572,28621,06-06037-20220719,29,7
County,2022/07/20,06,CA,06037,Los Angeles County,2393359,7645748,29938800,7454965,6952175,3770545,4782596,4669086,1519045,485105,191630,82352,31301,06-06037-20220720,29,7
County,2022/07/21,06,CA,06037,Los Angeles County,2381185,7657922,29983635,7444740,6924493,3833314,4891082,4681210,1465567,445645,186544,78622,32418,06-06037-20220721,29,7
County,2022/07/22,06,CA,06037,Los Angeles County,2296469,7742638,32530535,8199936,7557644,4103097,5293610,5075650,1548407,446673,189664,82597,33257,06-06037-20220722,29,7
County,2022/07/23,06,CA,06037,Los Angeles County,2490164,7548943,29308839,7042674,6784624,3753538,4794399,4601844,1516333,489264,208298,85474,32391,06-06037-20220723,29,7
County,2022/07/24,06,CA,06037,Los Angeles County,2484616,7554491,28643281,6871069,6652907,3632357,4627478,4559627,1490896,486334,204824,85159,32630,06-06037-20220724,30,7
County,2022/07/25,06,CA,06037,Los Angeles County,2488784,7550323,28222784,7053794,6588017,3575235,4541821,4401014,1389503,402971,165386,74915,30128,06-06037-20220725,30,7
County,2022/07/26,06,CA,06037,Los Angeles County,2332318,7706789,31277203,7757340,7188944,4009537,5100373,4911207,1559463,455398,179347,82493,33101,06-06037-20220726,30,7
County,2022/07/27,06,CA,06037,Los Angeles County,2372337,7666770,30759655,8188139,7541275,3846698,4672398,4461027,1392504,398390,156637,72477,30110,06-06037-20220727,30,7
County,2022/07/28,06,CA,06037,Los Angeles County,2474649,7564458,29421859,7276697,6958710,3801164,4768001,4504331,1437865,415393,159140,72438,28120,06-06037-20220728,30,7
County,2022/07/29,06,CA,06037,Los Angeles County,2350669,7688438,31562332,8123374,7388676,4045469,5089161,4702150,1460694,448367,189728,83118,31595,06-06037-20220729,30,7
County,2022/07/30,06,CA,06037,Los Angeles County,2446409,7592698,30547301,7503055,6918981,3837810,5022313,4850182,1594082,510080,198836,80384,31578,06-06037-20220730,30,7
County,2022/07/03,06,CA,06037,Los Angeles County,2407098,7632009,31457436,7551153,7222860,4083811,5192887,4944885,1596991,532511,213635,88616,30087,06-06037-20220703,27,7
County,2022/07/04,06,CA,06037,Los Angeles County,2360443,7678664,33406844,8643886,7777517,4239664,5374668,5064548,1534327,469967,186887,84127,31253,06-06037-20220704,27,7
County,2022/07/05,06,CA,06037,Los Angeles County,2428687,7610420,33457592,8426543,7755541,4301562,5560053,5176854,1533815,437352,164282,73237,28353,06-06037-20220705,27,7
County,2022/07/06,06,CA,06037,Los Angeles County,2501960,7537147,27958370,6392463,6305726,3633360,4794273,4733346,1436394,417200,150255,68951,26402,06-06037-20220706,27,7
County,2022/07/07,06,CA,06037,Los Angeles County,2152829,7886278,31581442,8494128,7421217,3961395,5095601,4685053,1386324,346269,122503,47024,21928,06-06037-20220707,27,7
County,2022/07/08,06,CA,06037,Los Angeles County,2405697,7633410,31619310,7590128,7260146,4139712,5378745,5047362,1515318,429431,165849,67638,24981,06-06037-20220708,27,7
County,2022/07/09,06,CA,06037,Los Angeles County,2134655,7904452,32811147,8813483,7910584,4090876,5166359,4736252,1447405,411388,161588,50630,22582,06-06037-20220709,27,7
County,2022/08/07,06,CA,06037,Los Angeles County,2471452,7567655,29873313,7073604,6848428,3823119,4936667,4762338,1587228,520678,211025,80081,30145,06-06037-20220807,32,8
County,2022/08/08,06,CA,06037,Los Angeles County,2267129,7771978,31868158,8452281,7567532,3973447,5083654,4706455,1447506,400864,147920,62718,25781,06-06037-20220808,32,8
County,2022/08/09,06,CA,06037,Los Angeles County,2269030,7770077,34987794,9226263,8199438,4380945,5641131,5227695,1599787,450368,162799,70256,29112,06-06037-20220809,32,8
County,2022/08/10,06,CA,06037,Los Angeles County,2322208,7716899,32689389,8426579,7567029,4111237,5309927,5008813,1554760,443212,165275,72346,30211,06-06037-20220810,32,8
County,2022/08/11,06,CA,06037,Los Angeles County,2312956,7726151,32651453,8327604,7438170,4091297,5357454,5091323,1596232,467039,177154,74106,31074,06-06037-20220811,32,8
County,2022/08/12,06,CA,06037,Los Angeles County,2419246,7619861,32679360,8169413,7315870,4234611,5522396,5120457,1570868,465511,182182,70921,27131,06-06037-20220812,32,8
County,2022/08/13,06,CA,06037,Los Angeles County,2455438,7583669,32149145,7917032,7052066,4054181,5362553,5192621,1702270,550245,209553,79953,28671,06-06037-20220813,32,8
County,2022/08/14,06,CA,06037,Los Angeles County,2475946,7563161,30443382,7528877,7132885,3855403,4854394,4670614,1573354,516164,202134,79581,29976,06-06037-20220814,33,8
County,2022/08/15,06,CA,06037,Los Angeles County,2372848,7666259,30795132,7737338,7088606,3885857,5025988,4770225,1521004,470108,188654,77121,30231,06-06037-20220815,33,8
County,2022/08/16,06,CA,06037,Los Angeles County,2382175,7656932,32887431,8467346,7461926,4158068,5459396,5106308,1554750,429476,155795,66172,28194,06-06037-20220816,33,8
County,2022/08/17,06,CA,06037,Los Angeles County,2216175,7822932,34784098,9206095,8086739,4352997,5594497,5222624,1588873,461602,168259,72395,30017,06-06037-20220817,33,8
County,2022/08/18,06,CA,06037,Los Angeles County,2309583,7729524,32702045,8421755,7400154,4122251,5382053,5110577,1569194,437822,160415,68466,29358,06-06037-20220818,33,8
County,2022/08/19,06,CA,06037,Los Angeles County,2362301,7676806,32650528,7925515,7363348,4266729,5622227,5213774,1562445,438477,168358,65176,24479,06-06037-20220819,33,8
County,2022/08/20,06,CA,06037,Los Angeles County,2366901,7672206,31783025,7736383,7180139,4071113,5349717,4998733,1621772,526559,200244,71909,26456,06-06037-20220820,33,8
County,2022/08/21,06,CA,06037,Los Angeles County,2319033,7720074,32169379,8174511,7637984,4147832,5155485,4709883,1518068,507067,210870,79175,28504,06-06037-20220821,34,8
County,2022/08/22,06,CA,06037,Los Angeles County,2363409,7675698,32380026,8206281,7478580,4130711,5342690,4990608,1528836,435574,166579,70552,29615,06-06037-20220822,34,8
County,2022/08/23,06,CA,06037,Los Angeles County,2321677,7717430,33184758,8604536,7618411,4191757,5442669,5085727,1559260,425127,161421,68233,27617,06-06037-20220823,34,8
County,2022/08/24,06,CA,06037,Los Angeles County,2358650,7680457,31594991,7900895,7222276,4033570,5215629,4967887,1548512,441252,167737,70038,27195,06-06037-20220824,34,8
County,2022/08/25,06,CA,06037,Los Angeles County,2352587,7686520,31148969,7854445,7105329,3908303,5065882,4922459,1561966,465321,171401,68657,25206,06-06037-20220825,34,8
County,2022/08/26,06,CA,06037,Los Angeles County,2407496,7631611,29598292,7008675,6744296,3849465,5043283,4747253,1490820,448651,171920,68121,25808,06-06037-20220826,34,8
County,2022/08/27,06,CA,06037,Los Angeles County,2346567,7692540,31700966,7726034,7242085,4067078,5302168,4914545,1616985,519609,210171,75428,26863,06-06037-20220827,34,8
County,2022/07/31,06,CA,06037,Los Angeles County,2293510,7745597,29117739,7587862,6870316,3627549,4552675,4261873,1445223,480142,199471,62687,29941,06-06037-20220731,31,7
County,2022/08/01,06,CA,06037,Los Angeles County,2337186,7701921,31269195,7972918,7313838,3963987,5110019,4753755,1459074,429495,167687,70497,27925,06-06037-20220801,31,8
County,2022/08/02,06,CA,06037,Los Angeles County,2345584,7693523,31783679,8104706,7317527,3997810,5158176,4937172,1544361,446742,167607,78133,31445,06-06037-20220802,31,8
County,2022/08/03,06,CA,06037,Los Angeles County,2351965,7687142,32243383,8253394,7305650,4045379,5289634,5036591,1565759,464601,175220,76086,31069,06-06037-20220803,31,8
County,2022/08/04,06,CA,06037,Los Angeles County,2297954,7741153,32304218,8727359,7659390,4048045,5105052,4670598,1433058,413837,156479,61980,28420,06-06037-20220804,31,8
County,2022/08/05,06,CA,06037,Los Angeles County,2360534,7678573,32406761,7923652,7402026,4212767,5440783,5104595,1570900,461031,188356,74842,27809,06-06037-20220805,31,8
County,2022/08/06,06,CA,06037,Los Angeles County,2408765,7630342,31912899,7842835,7269036,4064636,5230074,5019348,1653992,516888,205021,80552,30517,06-06037-20220806,31,8
County,2022/09/04,06,CA,06037,Los Angeles County,2385442,7653665,32145179,7905335,7403435,4200060,5305561,4934136,1584743,510379,203321,72258,25951,06-06037-20220904,36,9
County,2022/09/05,06,CA,06037,Los Angeles County,2435562,7603545,29890783,7270672,6801195,3873665,4985444,4803810,1508443,407976,152263,62583,24732,06-06037-20220905,36,9
County,2022/09/06,06,CA,06037,Los Angeles County,2428913,7610194,29283034,7735315,7078446,3685668,4541499,4278720,1362115,376193,141946,60580,22552,06-06037-20220906,36,9
County,2022/09/07,06,CA,06037,Los Angeles County,2344192,7694915,30302479,7605569,7176511,3892431,4887101,4628623,1458472,404270,156767,66630,26105,06-06037-20220907,36,9
County,2022/09/08,06,CA,06037,Los Angeles County,2211349,7827758,37720644,9997306,8570304,4768319,6143922,5795735,1750889,440680,160804,65261,27424,06-06037-20220908,36,9
County,2022/09/09,06,CA,06037,Los Angeles County,2170726,7868381,38117395,9928672,8704890,4926496,6246878,5814369,1753193,461376,184748,69333,27440,06-06037-20220909,36,9
County,2022/09/10,06,CA,06037,Los Angeles County,2130711,7908396,37985330,9891799,8726100,4837266,6119308,5675863,1838619,560326,226462,81136,28451,06-06037-20220910,36,9
County,2022/09/11,06,CA,06037,Los Angeles County,2355508,7683599,35261963,8853351,8172584,4562148,5691101,5333043,1753811,553038,230988,82120,29779,06-06037-20220911,37,9
County,2022/09/12,06,CA,06037,Los Angeles County,2338437,7700670,36356558,9487086,8491329,4642278,5812376,5446235,1706907,473492,194534,73521,28800,06-06037-20220912,37,9
County,2022/09/13,06,CA,06037,Los Angeles County,2312921,7726186,37317409,9651117,8587252,4790428,6106408,5773518,1714069,438380,160165,67403,28669,06-06037-20220913,37,9
County,2022/09/14,06,CA,06037,Los Angeles County,2215986,7823121,39388929,10598174,9090071,4982521,6325126,5938846,1742326,452517,164903,66672,27773,06-06037-20220914,37,9
County,2022/09/15,06,CA,06037,Los Angeles County,2320198,7718909,37383460,9742406,8447049,4801978,6158495,5779336,1738717,450803,168609,67542,28525,06-06037-20220915,37,9
County,2022/09/16,06,CA,06037,Los Angeles County,2282167,7756940,37794641,9962667,8693052,4830111,6185363,5690246,1699527,458445,180082,68016,27132,06-06037-20220916,37,9
County,2022/09/17,06,CA,06037,Los Angeles County,2312587,7726520,35520560,9059102,8140354,4498244,5746107,5477701,1756766,528996,208507,75880,28903,06-06037-20220917,37,9
County,2022/09/18,06,CA,06037,Los Angeles County,2414378,7624729,31273752,7889506,7260222,3961110,5029569,4812814,1552138,479566,192772,69607,26448,06-06037-20220918,38,9
County,2022/09/19,06,CA,06037,Los Angeles County,2416275,7622832,29352653,7595320,6840268,3688534,4666201,4533174,1413453,383574,146806,60432,24891,06-06037-20220919,38,9
County,2022/09/20,06,CA,06037,Los Angeles County,2184085,7855022,32485485,8202896,7617530,4173685,5236683,5084935,1543032,395362,146882,59313,25167,06-06037-20220920,38,9
County,2022/09/21,06,CA,06037,Los Angeles County,2340070,7699037,31121250,7962271,7368460,3956295,4939305,4729860,1477022,420435,168651,70073,28878,06-06037-20220921,38,9
County,2022/09/22,06,CA,06037,Los Angeles County,2230856,7808251,33048931,8911536,7844874,4095230,5092967,4877073,1518265,434200,175799,70635,28352,06-06037-20220922,38,9
County,2022/09/23,06,CA,06037,Los Angeles County,2391015,7648092,30343223,7731794,7252270,3883611,4807425,4544537,1445978,416653,168953,65660,26342,06-06037-20220923,38,9
County,2022/09/24,06,CA,06037,Los Angeles County,2503255,7535852,27351562,6564257,6417116,3496941,4381305,4290501,1476838,456332,179633,63636,25003,06-06037-20220924,38,9
County,2022/08/28,06,CA,06037,Los Angeles County,2400587,7638520,32137238,7914567,7414274,4204777,5311561,4885118,1579069,519417,209326,73376,25753,06-06037-20220828,35,8
County,2022/08/29,06,CA,06037,Los Angeles County,2242480,7796627,35690196,9398226,8196848,4508542,5842766,5437861,1620730,434978,157679,66703,25863,06-06037-20220829,35,8
County,2022/08/30,06,CA,06037,Los Angeles County,2292051,7747056,33744967,8412451,7686742,4363173,5691972,5354909,1595184,416623,139057,59548,25308,06-06037-20220830,35,8
County,2022/08/31,06,CA,06037,Los Angeles County,2244712,7794395,34706575,8761446,7905402,4469598,5814412,5463255,1633918,426797,148072,59231,24444,06-06037-20220831,35,8
County,2022/09/01,06,CA,06037,Los Angeles County,2250878,7788229,35499298,9234202,8005571,4534460,5852320,5536772,1654236,440514,153069,62914,25240,06-06037-20220901,35,9
County,2022/09/02,06,CA,06037,Los Angeles County,2200243,7838864,34436280,8819747,7880581,4378701,5677611,5357814,1611763,444369,172177,67825,25692,06-06037-20220902,35,9
County,2022/09/03,06,CA,06037,Los Angeles County,2296846,7742261,33217619,8210031,7626556,4317404,5476479,5101198,1652693,523609,208030,75106,26513,06-06037-20220903,35,9
County,2022/09/25,06,CA,06037,Los Angeles County,2359043,7680064,30486878,7692314,7162219,3914585,4882141,4615009,1490308,457036,185762,63965,23539,06-06037-20220925,39,9
County,2022/09/26,06,CA,06037,Los Angeles County,2455154,7583953,30156398,7613640,7001959,3829471,4911228,4719042,1448340,394745,156324,58746,22903,06-06037-20220926,39,9
County,2022/09/27,06,CA,06037,Los Angeles County,2424701,7614406,29738829,7356031,6826238,3830047,4916959,4747174,1458174,381100,145279,54985,22842,06-06037-20220927,39,9
County,2022/09/28,06,CA,06037,Los Angeles County,2421488,7617619,30826514,7620214,7033364,3936511,5109213,4992390,1516160,393699,148515,54316,22132,06-06037-20220928,39,9
County,2022/09/29,06,CA,06037,Los Angeles County,2320219,7718888,32502973,8565979,7431346,4077309,5199200,5030228,1542803,409062,160665,61522,24859,06-06037-20220929,39,9
County,2022/09/30,06,CA,06037,Los Angeles County,2234184,7804923,35039822,9729323,8105403,4305357,5436774,5179652,1576068,437843,176801,65927,26674,06-06037-20220930,39,9
County,2022/10/01,06,CA,06037,Los Angeles County,2460007,7579100,28887202,7386790,6551249,3578241,4587926,4556723,1489957,460309,182135,67469,26403,06-06037-20221001,39,10
County,2022/10/09,06,CA,06037,Los Angeles County,2485770,7553337,29674419,7987273,7023041,3724076,4547768,4314630,1386418,432418,173246,60234,25315,06-06037-20221009,41,10
County,2022/10/10,06,CA,06037,Los Angeles County,2419031,7620076,31319151,8417023,7464102,3861820,4838061,4647864,1442278,405679,157602,59508,25214,06-06037-20221010,41,10
County,2022/10/11,06,CA,06037,Los Angeles County,2504955,7534152,28404255,7128405,6626302,3548250,4582464,4493842,1408006,387262,147497,57205,25022,06-06037-20221011,41,10
County,2022/10/12,06,CA,06037,Los Angeles County,2505010,7534097,29311781,7524966,6865643,3644904,4659686,4581897,1426460,383432,146105,54963,23725,06-06037-20221012,41,10
County,2022/10/13,06,CA,06037,Los Angeles County,2463795,7575312,30309612,8079346,7164002,3731258,4690283,4554017,1452781,404931,151598,57461,23935,06-06037-20221013,41,10
County,2022/10/14,06,CA,06037,Los Angeles County,2397080,7642027,30660306,8122109,7370624,3806982,4714684,4532358,1453398,408227,165563,61471,24890,06-06037-20221014,41,10
County,2022/10/15,06,CA,06037,Los Angeles County,2534042,7505065,27965341,7211234,6697981,3473718,4307727,4177163,1397290,432213,177072,65164,25779,06-06037-20221015,41,10
County,2022/10/16,06,CA,06037,Los Angeles County,2327016,7712091,25903162,6803347,6752313,3352190,3806842,3379875,1163934,382737,182073,53823,26028,06-06037-20221016,42,10
County,2022/10/17,06,CA,06037,Los Angeles County,2107022,7932085,30099746,8856615,7429025,3639516,4244511,4069918,1303812,338445,141155,48870,27879,06-06037-20221017,42,10
County,2022/10/18,06,CA,06037,Los Angeles County,2259158,7779949,28013911,7675410,6964649,3415938,4069713,3994700,1308344,350343,151724,53682,29408,06-06037-20221018,42,10
County,2022/10/19,06,CA,06037,Los Angeles County,2264460,7774647,27876227,7614313,6838838,3407821,4100465,4030846,1321916,343916,143430,47870,26812,06-06037-20221019,42,10
County,2022/10/20,06,CA,06037,Los Angeles County,2257103,7782004,28094221,8008631,6813166,3369789,4059530,3956528,1326739,336431,146168,50868,26371,06-06037-20221020,42,10
County,2022/10/21,06,CA,06037,Los Angeles County,2258189,7780918,28836909,7893034,7115854,3519531,4238749,4109758,1333505,370651,171490,57330,27007,06-06037-20221021,42,10
County,2022/10/22,06,CA,06037,Los Angeles County,2278213,7760894,27186210,7163993,7028853,3474622,4027786,3649080,1203750,381000,172587,56803,27736,06-06037-20221022,42,10
County,2022/10/23,06,CA,06037,Los Angeles County,2265468,7773639,26991893,7365430,7132663,3478325,3863558,3369256,1145968,379839,173925,56869,26060,06-06037-20221023,43,10
County,2022/10/24,06,CA,06037,Los Angeles County,2261142,7777965,28006041,7617860,6986970,3453891,4139550,3977034,1274566,345497,137530,49855,23288,06-06037-20221024,43,10
County,2022/10/25,06,CA,06037,Los Angeles County,2241926,7797181,29149938,8305066,6998859,3485132,4263423,4199464,1335965,341571,135265,61296,23897,06-06037-20221025,43,10
County,2022/10/26,06,CA,06037,Los Angeles County,2211985,7827122,29508133,8270385,7174526,3567889,4357787,4217861,1332428,335640,145644,79301,26672,06-06037-20221026,43,10
County,2022/10/27,06,CA,06037,Los Angeles County,2241693,7797414,28752577,7822854,7007712,3514022,4268638,4225597,1320583,346430,142662,77646,26433,06-06037-20221027,43,10
County,2022/10/28,06,CA,06037,Los Angeles County,2217477,7821630,30288798,8855970,7342082,3661349,4349180,4153315,1311899,356932,165806,67137,25128,06-06037-20221028,43,10
County,2022/10/29,06,CA,06037,Los Angeles County,2244131,7794976,27838828,7789178,7036377,3410651,3974097,3724037,1228414,387181,187883,73547,27463,06-06037-20221029,43,10
County,2022/10/30,06,CA,06037,Los Angeles County,2286836,7752271,27568328,8046380,7150937,3387872,3819191,3427613,1100850,357503,183963,66431,27588,06-06037-20221030,44,10
County,2022/10/31,06,CA,06037,Los Angeles County,2266906,7772201,28882523,8042617,7077222,3496051,4255758,4144841,1286599,357440,144550,51613,25832,06-06037-20221031,44,10
County,2022/11/01,06,CA,06037,Los Angeles County,2291979,7747128,27349195,7334168,6716808,3345047,4073514,4060583,1282207,331666,124608,57975,22619,06-06037-20221101,44,11
County,2022/11/02,06,CA,06037,Los Angeles County,2295010,7744097,28259040,7753060,6914567,3413656,4157276,4155768,1307254,339926,132108,61184,24241,06-06037-20221102,44,11
County,2022/11/03,06,CA,06037,Los Angeles County,2281188,7757919,26896035,7460514,6582326,3245873,3933832,3918987,1243908,305530,127405,55648,22012,06-06037-20221103,44,11
County,2022/11/04,06,CA,06037,Los Angeles County,2169438,7869669,29803831,8486858,7313386,3629561,4350868,4213211,1297292,308018,123675,58388,22574,06-06037-20221104,44,11
County,2022/11/05,06,CA,06037,Los Angeles County,2188487,7850620,28085872,7772889,7119728,3501409,4057613,3792917,1242714,368795,141289,65017,23501,06-06037-20221105,44,11
County,2022/10/02,06,CA,06037,Los Angeles County,2473061,7566046,28355943,7116089,6506364,3552130,4564454,4463021,1448556,445565,172165,63097,24502,06-06037-20221002,40,10
County,2022/10/03,06,CA,06037,Los Angeles County,2428755,7610352,31252089,8311289,7298505,3892052,4944584,4760318,1433520,381863,148954,56345,24659,06-06037-20221003,40,10
County,2022/10/04,06,CA,06037,Los Angeles County,2460844,7578263,29743419,7438310,6810720,3784764,4949886,4729739,1412348,381761,156786,54764,24341,06-06037-20221004,40,10
County,2022/10/05,06,CA,06037,Los Angeles County,2472408,7566699,30057760,7614322,6920533,3808303,4889009,4761001,1447148,393833,143652,55462,24497,06-06037-20221005,40,10
County,2022/10/06,06,CA,06037,Los Angeles County,2429790,7609317,30742774,8161777,7164460,3835306,4825262,4704492,1440689,385944,144517,55646,24681,06-06037-20221006,40,10
County,2022/10/07,06,CA,06037,Los Angeles County,2470438,7568669,29547209,7908101,6929122,3666190,4642201,4412392,1370813,382468,152550,57996,25376,06-06037-20221007,40,10
County,2022/10/08,06,CA,06037,Los Angeles County,2456175,7582932,30118627,7983673,7108946,3769315,4730345,4447287,1398257,429979,166833,59386,24606,06-06037-20221008,40,10
County,2022/11/13,06,CA,06037,Los Angeles County,2213928,7825179,29564273,8300249,7556943,3771020,4249368,3818732,1226916,404378,160625,50559,25483,06-06037-20221113,46,11
County,2022/11/14,06,CA,06037,Los Angeles County,2336812,7702295,30816714,8556477,7555084,3786227,4585849,4363364,1369793,375733,142984,51311,29892,06-06037-20221114,46,11
County,2022/11/15,06,CA,06037,Los Angeles County,2403479,7635628,27824185,7558034,6910618,3437860,4157936,3999741,1284877,315694,107126,34008,18291,06-06037-20221115,46,11
County,2022/11/16,06,CA,06037,Los Angeles County,2155407,7883700,32273601,8949657,7992189,4009910,4717531,4657359,1450631,335864,103011,36021,21428,06-06037-20221116,46,11
County,2022/11/17,06,CA,06037,Los Angeles County,2331028,7708079,31390084,8708243,7715723,3910423,4705982,4443334,1387027,338912,119484,40598,20358,06-06037-20221117,46,11
County,2022/11/18,06,CA,06037,Los Angeles County,2295303,7743804,32895023,9123300,8128078,4102955,4955984,4537239,1447834,384742,148797,45265,20829,06-06037-20221118,46,11
County,2022/11/19,06,CA,06037,Los Angeles County,2349500,7689607,31485743,8588581,7849378,3978542,4686440,4180765,1483530,473932,179224,44936,20415,06-06037-20221119,46,11
County,2022/11/06,06,CA,06037,Los Angeles County,2084319,7954788,30627528,8981579,7853394,3841886,4303084,3822045,1215242,361367,166366,57412,25153,06-06037-20221106,45,11
County,2022/11/07,06,CA,06037,Los Angeles County,2320218,7718889,30561442,8729548,7435991,3697259,4512690,4297958,1335188,339478,138911,51084,23335,06-06037-20221107,45,11
County,2022/11/08,06,CA,06037,Los Angeles County,2315982,7723125,31828040,9330748,7706529,3790044,4687205,4404262,1356836,340009,140882,48284,23241,06-06037-20221108,45,11
County,2022/11/09,06,CA,06037,Los Angeles County,2283038,7756069,31825032,9037902,7649382,3843779,4733965,4553668,1412228,374588,141273,53117,25130,06-06037-20221109,45,11
County,2022/11/10,06,CA,06037,Los Angeles County,2284847,7754260,31350060,8736331,7480593,3782939,4698843,4579630,1450900,378275,159279,55357,27913,06-06037-20221110,45,11
County,2022/11/11,06,CA,06037,Los Angeles County,2254306,7784801,32532776,9013327,7893286,4003531,4935326,4607291,1421464,401127,174371,56987,26066,06-06037-20221111,45,11
County,2022/11/12,06,CA,06037,Los Angeles County,2350626,7688481,28018725,7599003,7040295,3506164,4176837,3771577,1260716,414224,174462,51072,24375,06-06037-20221112,45,11
County,2022/11/27,06,CA,06037,Los Angeles County,2362189,7676918,29198692,7741514,7212220,3718986,4321605,3882483,1416476,535746,276817,68245,24600,06-06037-20221127,48,11
County,2022/11/28,06,CA,06037,Los Angeles County,2366364,7672743,30265921,8424184,7529940,3815372,4507880,3999195,1310667,409869,192796,52110,23908,06-06037-20221128,48,11
County,2022/11/29,06,CA,06037,Los Angeles County,2320050,7719057,33092099,9488841,8119865,4102263,4984157,4505462,1369172,338172,120988,40105,23074,06-06037-20221129,48,11
County,2022/11/30,06,CA,06037,Los Angeles County,2322382,7716725,29012389,8109690,7152921,3599249,4341413,4055294,1259950,323274,105702,40664,24232,06-06037-20221130,48,11
County,2022/12/01,06,CA,06037,Los Angeles County,2094232,7944875,33034757,9225901,8144917,4184896,4991939,4562551,1404577,354398,104684,38869,22025,06-06037-20221201,48,12
County,2022/12/02,06,CA,06037,Los Angeles County,2280147,7758960,33560947,9471769,8263273,4235943,5091691,4522506,1389929,378340,141339,45543,20614,06-06037-20221202,48,12
County,2022/12/03,06,CA,06037,Los Angeles County,2315612,7723495,31763122,8361150,7793004,4070242,4888885,4403546,1524328,483639,167555,48725,22048,06-06037-20221203,48,12
County,2022/12/04,06,CA,06037,Los Angeles County,2414659,7624448,29415449,8204016,7560076,3756878,4260934,3690145,1251263,442028,168848,55222,26039,06-06037-20221204,49,12
County,2022/12/05,06,CA,06037,Los Angeles County,2345941,7693166,26314145,6756053,6631759,3334583,4050570,3781843,1260838,326068,106414,42699,23318,06-06037-20221205,49,12
County,2022/12/06,06,CA,06037,Los Angeles County,2103385,7935722,30993908,8513696,7801768,3986951,4569088,4357403,1352233,299188,66980,28829,17772,06-06037-20221206,49,12
County,2022/12/07,06,CA,06037,Los Angeles County,2335387,7703720,31051331,8757815,7658203,3905761,4629136,4209442,1367557,353354,105375,40240,24448,06-06037-20221207,49,12
County,2022/12/08,06,CA,06037,Los Angeles County,2339588,7699519,30984315,8470105,7697260,3935508,4661571,4271759,1402228,356422,119348,45225,24889,06-06037-20221208,49,12
County,2022/12/09,06,CA,06037,Los Angeles County,2359701,7679406,27617922,7436235,6999464,3548373,4103325,3713143,1259532,353498,132377,47056,24919,06-06037-20221209,49,12
County,2022/12/10,06,CA,06037,Los Angeles County,2154755,7884352,31952413,8800665,7874073,4141316,4728063,4292298,1465445,446355,137805,42983,23410,06-06037-20221210,49,12
County,2022/12/11,06,CA,06037,Los Angeles County,2360093,7679014,29819349,7975173,7463896,3844759,4425029,3928416,1403136,498405,197412,57172,25951,06-06037-20221211,50,12
County,2022/12/12,06,CA,06037,Los Angeles County,2305766,7733341,35272555,10352078,8819906,4425243,5176563,4527039,1391509,373168,134905,45691,26453,06-06037-20221212,50,12
County,2022/12/13,06,CA,06037,Los Angeles County,2322227,7716880,27698593,7208749,6686589,3518494,4277256,4132516,1359290,354974,103206,38090,19429,06-06037-20221213,50,12
County,2022/12/14,06,CA,06037,Los Angeles County,2379371,7659736,33007022,9591160,8137531,4159570,4874111,4320357,1386013,358736,111870,42150,25524,06-06037-20221214,50,12
County,2022/12/15,06,CA,06037,Los Angeles County,2339654,7699453,34362411,10092196,8395843,4295956,5050761,4516081,1429880,378355,130929,47129,25281,06-06037-20221215,50,12
County,2022/12/16,06,CA,06037,Los Angeles County,2333368,7705739,34902984,10271631,8457485,4340998,5190733,4542125,1434653,406372,175131,57894,25962,06-06037-20221216,50,12
County,2022/12/17,06,CA,06037,Los Angeles County,2355355,7683752,33717183,9538142,8092209,4224874,5019342,4474568,1552472,524819,205669,57879,27209,06-06037-20221217,50,12
County,2022/12/18,06,CA,06037,Los Angeles County,2343334,7695773,32171290,8887807,7818581,4017654,4796824,4278258,1520221,536138,233422,57799,24586,06-06037-20221218,51,12
County,2022/12/19,06,CA,06037,Los Angeles County,2306464,7732643,35088904,10190951,8550655,4401607,5221041,4603253,1482988,403147,162700,48647,23915,06-06037-20221219,51,12
County,2022/12/20,06,CA,06037,Los Angeles County,2287630,7751477,35623430,10363309,8592896,4479887,5351908,4764900,1482290,387575,133100,43984,23581,06-06037-20221220,51,12
County,2022/12/21,06,CA,06037,Los Angeles County,2296718,7742389,36679435,10728096,8853326,4622406,5551825,4804624,1507321,393938,147380,46655,23864,06-06037-20221221,51,12
County,2022/12/22,06,CA,06037,Los Angeles County,2292579,7746528,35671422,10426259,8653921,4431630,5329587,4717202,1460827,406028,169573,51513,24882,06-06037-20221222,51,12
County,2022/12/23,06,CA,06037,Los Angeles County,2300149,7738958,35845756,10660916,8701853,4382009,5261169,4600355,1477251,477747,206888,53849,23719,06-06037-20221223,51,12
County,2022/12/24,06,CA,06037,Los Angeles County,2363926,7675181,33579470,9588238,7964728,4069644,4901802,4500081,1670235,577470,227955,55663,23654,06-06037-20221224,51,12
County,2022/12/25,06,CA,06037,Los Angeles County,2374812,7664295,32088199,9034608,7724786,3935140,4719326,4180480,1521671,591827,285111,70223,25027,06-06037-20221225,52,12
County,2022/12/26,06,CA,06037,Los Angeles County,2382470,7656637,33477485,9808023,8077296,4125089,5009653,4346421,1392768,430221,201282,60761,25971,06-06037-20221226,52,12
County,2022/12/27,06,CA,06037,Los Angeles County,2390265,7648842,33859880,9911872,8231719,4157252,5047196,4459403,1417167,394417,166039,49981,24834,06-06037-20221227,52,12
County,2022/12/28,06,CA,06037,Los Angeles County,2395461,7643646,31100124,8839461,7719645,3876688,4510124,4144794,1359854,395439,166443,58589,29087,06-06037-20221228,52,12
County,2022/12/29,06,CA,06037,Los Angeles County,2422143,7616964,32718698,9599276,8039770,4046777,4769876,4242514,1333894,399402,189937,66005,31247,06-06037-20221229,52,12
County,2022/12/30,06,CA,06037,Los Angeles County,2437262,7601845,33960084,10183032,8301335,4126678,4891517,4306829,1394033,442152,213838,68188,32482,06-06037-20221230,52,12
County,2022/12/31,06,CA,06037,Los Angeles County,2516579,7522528,30574715,8649994,7434329,3763003,4463976,4030914,1408726,514676,215684,64293,29120,06-06037-20221231,52,12
County,2022/11/20,06,CA,06037,Los Angeles County,2287927,7751180,30615344,8584246,7782448,3898023,4491366,3879999,1306149,429584,181069,43095,19365,06-06037-20221120,47,11
County,2022/11/21,06,CA,06037,Los Angeles County,2237977,7801130,32560710,9078479,7967548,4095937,4913028,4518088,1443245,352156,134013,37886,20330,06-06037-20221121,47,11
County,2022/11/22,06,CA,06037,Los Angeles County,2242653,7796454,32541833,8963493,7950271,4077176,4935819,4572246,1468842,370879,141621,42700,18786,06-06037-20221122,47,11
County,2022/11/23,06,CA,06037,Los Angeles County,2235777,7803330,29657650,7963899,7332204,3792139,4422426,4152227,1374037,387615,160008,52017,21078,06-06037-20221123,47,11
County,2022/11/24,06,CA,06037,Los Angeles County,2348530,7690577,27388993,7403673,6650804,3281099,3886826,3872576,1471729,543181,206961,50825,21319,06-06037-20221124,47,11
County,2022/11/25,06,CA,06037,Los Angeles County,2313783,7725324,30529074,8187112,7585833,3974830,4610954,4031786,1379951,468640,214021,53206,22741,06-06037-20221125,47,11
County,2022/11/26,06,CA,06037,Los Angeles County,2309823,7729284,30846559,8312940,7734167,3985312,4583013,3993733,1412357,493139,245123,62555,24220,06-06037-20221126,47,11
